Period,(All),,,
,,,,
Sum of Trade Value (US$),Column Labels,,,
Row Labels,Export,Import,(blank),Grand Total
2012,1.79664E+13,1.8112E+13,,3.60784E+13
2013,1.85994E+13,1.84767E+13,,3.70761E+13
2014,1.8508E+13,1.84601E+13,,3.69682E+13
2015,1.61334E+13,1.61482E+13,,3.22816E+13
2016,1.51792E+13,1.52161E+13,,3.03953E+13
(blank),,,,
Grand Total,8.63863E+13,8.64131E+13,,1.72799E+14
